名前,タグ
Lightsailについて,
Site to Site VPNとFortigateでIPSecVPN,
"Site to Site VPNとUnifi Dream Machine ProでIPSecVPN ",
AWS Client VPNを使ってリモートアクセス(AD+多要素認証を使う),
Systems Manager Session Manegerを利用したOSログイン,
WorkSpacesのログをCloudWatchLogsに転送,
CloudWatchとCloudWatchAgentについて,
BYOL WorkSpacesのイメージ作成,
オンプレADと連携してAWS DirectoryService AD ConnectorとWorkSpacesを作成,
AWSでKnowledgeを構築し情報投稿を集約,
WindowsのイベントログをS3に転送,
EC2 EBS追加ディスクのパーティション形式について,
RHELのDeveloperAccountを使ったAWSでのRHELの検証利用方法,
AWSからRed Hatナレッジベースにアクセス,
AD間でフォレスト関係を結んで、AWS ALBへホストルーティングして接続,
ACMでワイルドカードSSL証明書を作る際の検討事項,
AWS Directory Service MSAD作成時に組織名を設定,
AmazonLinux2023検証 初期設定,
LinuxのログをS3に転送,
LinuxのApacheログをS3に転送(fluentd編),
AMIからEC2インスタンス作成する際に気をつけること,
EC2のAutoRecovery設定,
AWS Systems Manager Patch Managerを利用してOSパッチ適用を自動化,
FleetManagerでOSにログインせずにできることは,
AWS Directory Serviceをリモート操作,
FreeRadiusでMSADと多要素認証連携,
WorkSpacesへのアクセスを信頼されたデバイスから接続,
WorkSpacesのイメージ化とバンドル登録,
WorkSpaces作成後にできること,
Onpremiss Active Directoryを利用してAWS ADConnectorと接続,